record_id,transaction_date,transaction_timestamp,customer_name,product_category,amount,quantity,payment_method,last_updated_timestamp,status
1,2025-04-01,2025-04-01T17:49:57,Costco,Electronics,929.94,1,PayPal,2025-04-01T18:49:57,Pending
2,2025-04-01,2025-04-01T10:36:18,Apple,Groceries,130.17,4,PayPal,2025-04-01T12:59:18,Cancelled
3,2025-04-01,2025-04-01T17:16:47,Target,Home Goods,1333.76,8,Credit Card,2025-04-01T18:19:47,Pending
4,2025-04-01,2025-04-01T18:15:48,Costco,Tools,1115.54,9,PayPal,2025-04-01T20:41:48,Cancelled
5,2025-04-01,2025-04-01T02:37:35,Amazon,Software,633.14,6,Credit Card,2025-04-01T03:35:35,Cancelled
6,2025-04-01,2025-04-01T05:29:53,Target,Software,1975.65,3,PayPal,2025-04-01T05:41:53,Cancelled
7,2025-04-01,2025-04-01T00:23:41,Google,Books,1008.74,5,PayPal,2025-04-01T00:55:41,Cancelled
8,2025-04-01,2025-04-01T10:14:35,Microsoft,Software,1000.05,6,Credit Card,2025-04-01T11:44:35,Cancelled
9,2025-04-02,2025-04-02T01:42:16,Costco,Books,1451.95,6,Debit Card,2025-04-02T02:51:16,Completed
10,2025-04-02,2025-04-02T02:46:03,BestBuy,Electronics,740.41,5,PayPal,2025-04-02T04:27:03,Pending
11,2025-04-02,2025-04-02T01:32:18,Meta,Tools,1702.77,1,Bank Transfer,2025-04-02T01:38:18,Completed
12,2025-04-03,2025-04-03T04:36:39,Amazon,Home Goods,1897.62,4,Debit Card,2025-04-03T04:38:39,Completed
13,2025-04-03,2025-04-03T15:43:12,eBay,Groceries,1729.01,3,Credit Card,2025-04-03T15:58:12,Pending
14,2025-04-03,2025-04-03T10:45:00,BestBuy,Groceries,325.38,7,Debit Card,2025-04-03T13:30:00,Cancelled
15,2025-04-03,2025-04-03T23:58:41,Microsoft,Books,1850.19,2,PayPal,2025-04-03T23:59:59,Pending
16,2025-04-03,2025-04-03T12:11:42,Apple,Groceries,228.5,8,Bank Transfer,2025-04-03T12:38:42,Pending
17,2025-04-03,2025-04-03T12:53:51,eBay,Home Goods,336.42,4,Bank Transfer,2025-04-03T13:53:51,Pending
18,2025-04-03,2025-04-03T17:56:46,Meta,Books,1131.47,2,Credit Card,2025-04-03T19:53:46,Completed
19,2025-04-03,2025-04-03T15:17:40,eBay,Electronics,1920.23,2,Credit Card,2025-04-03T17:19:40,Completed
20,2025-04-04,2025-04-04T09:40:13,Apple,Books,292.3,1,Credit Card,2025-04-04T11:11:13,Cancelled
21,2025-04-04,2025-04-04T13:43:16,Target,Tools,1221.6,8,Debit Card,2025-04-04T16:12:16,Pending
22,2025-04-04,2025-04-04T14:44:14,Apple,Sports,1151.54,5,PayPal,2025-04-04T16:22:14,Pending
23,2025-04-04,2025-04-04T20:24:50,Microsoft,Books,46.34,4,Credit Card,2025-04-04T23:14:50,Cancelled
24,2025-04-04,2025-04-04T14:05:25,Apple,Tools,599.3,6,PayPal,2025-04-04T14:09:25,Completed
25,2025-04-05,2025-04-05T18:02:27,Google,Books,467.64,8,PayPal,2025-04-05T19:17:27,Cancelled
26,2025-04-05,2025-04-05T17:23:32,eBay,Groceries,1433.07,6,Debit Card,2025-04-05T20:22:32,Pending
27,2025-04-05,2025-04-05T13:08:58,eBay,Home Goods,1057.13,3,Debit Card,2025-04-05T14:48:58,Completed
28,2025-04-05,2025-04-05T10:52:56,Walmart,Home Goods,52.67,9,Credit Card,2025-04-05T13:45:56,Pending
29,2025-04-05,2025-04-05T07:35:48,Microsoft,Electronics,1922.76,10,Credit Card,2025-04-05T08:35:48,Cancelled
30,2025-04-05,2025-04-05T08:53:58,Target,Software,1340.34,5,Debit Card,2025-04-05T10:39:58,Pending
31,2025-04-05,2025-04-05T13:15:06,Costco,Sports,1261.39,7,Bank Transfer,2025-04-05T14:37:06,Pending
32,2025-04-05,2025-04-05T02:55:29,eBay,Books,558.26,5,Bank Transfer,2025-04-05T05:31:29,Completed
33,2025-04-06,2025-04-06T09:59:34,Meta,Tools,412.54,7,Bank Transfer,2025-04-06T12:11:34,Pending
34,2025-04-06,2025-04-06T12:59:56,Apple,Electronics,1495.79,10,PayPal,2025-04-06T14:26:56,Pending
35,2025-04-06,2025-04-06T06:04:10,Google,Electronics,886.85,9,PayPal,2025-04-06T08:08:10,Pending
36,2025-04-06,2025-04-06T15:06:03,Target,Tools,1143.74,5,Credit Card,2025-04-06T17:43:03,Completed
37,2025-04-06,2025-04-06T07:33:09,Target,Apparel,485.04,8,Bank Transfer,2025-04-06T10:25:09,Completed
38,2025-04-06,2025-04-06T11:14:29,Costco,Sports,65.38,9,PayPal,2025-04-06T13:22:29,Pending
39,2025-04-06,2025-04-06T00:02:20,Meta,Apparel,1625.25,5,PayPal,2025-04-06T01:31:20,Completed
40,2025-04-06,2025-04-06T10:25:03,eBay,Books,302.56,4,Bank Transfer,2025-04-06T12:32:03,Cancelled
41,2025-04-07,2025-04-07T02:32:35,eBay,Tools,632.78,4,Credit Card,2025-04-07T04:21:35,Completed
42,2025-04-07,2025-04-07T21:35:41,Walmart,Groceries,477.71,8,Debit Card,2025-04-07T21:37:41,Pending
43,2025-04-07,2025-04-07T04:02:50,eBay,Home Goods,819.25,6,Credit Card,2025-04-07T05:41:50,Cancelled
44,2025-04-07,2025-04-07T16:56:14,Costco,Apparel,216.52,8,Debit Card,2025-04-07T19:29:14,Completed
45,2025-04-07,2025-04-07T19:09:26,BestBuy,Electronics,1284.24,7,Debit Card,2025-04-07T21:33:26,Pending
46,2025-04-08,2025-04-08T03:52:22,Meta,Tools,736.48,9,PayPal,2025-04-08T05:29:22,Completed
47,2025-04-08,2025-04-08T15:02:51,Target,Tools,377.11,7,Bank Transfer,2025-04-08T15:06:51,Pending
48,2025-04-08,2025-04-08T07:19:40,BestBuy,Books,1185.19,8,Credit Card,2025-04-08T10:18:40,Pending
49,2025-04-08,2025-04-08T10:22:22,Google,Apparel,1710.99,9,Bank Transfer,2025-04-08T12:54:22,Pending
50,2025-04-08,2025-04-08T06:17:39,Google,Electronics,861.28,9,Debit Card,2025-04-08T06:52:39,Completed
51,2025-04-08,2025-04-08T14:33:40,Google,Tools,1720.24,8,Debit Card,2025-04-08T15:23:40,Completed
52,2025-04-09,2025-04-09T01:49:03,Costco,Software,1987.29,8,PayPal,2025-04-09T04:42:03,Completed
53,2025-04-09,2025-04-09T10:19:30,Google,Books,1416.25,9,PayPal,2025-04-09T11:22:30,Completed
54,2025-04-09,2025-04-09T06:58:57,Costco,Home Goods,624.43,2,PayPal,2025-04-09T09:35:57,Cancelled
55,2025-04-10,2025-04-10T08:16:34,Microsoft,Sports,1916.8,3,Bank Transfer,2025-04-10T10:18:34,Cancelled
56,2025-04-10,2025-04-10T23:13:09,Apple,Sports,837.0,5,Credit Card,2025-04-10T23:59:59,Completed
57,2025-04-10,2025-04-10T10:15:08,eBay,Books,1051.81,2,PayPal,2025-04-10T10:38:08,Completed
58,2025-04-10,2025-04-10T20:29:11,Meta,Sports,1361.52,5,Debit Card,2025-04-10T21:33:11,Pending
59,2025-04-10,2025-04-10T03:16:18,Apple,Home Goods,1927.3,5,Debit Card,2025-04-10T04:51:18,Pending
60,2025-04-11,2025-04-11T04:16:38,Costco,Software,836.88,4,PayPal,2025-04-11T04:59:38,Completed
61,2025-04-11,2025-04-11T15:40:15,Apple,Home Goods,1730.26,2,Credit Card,2025-04-11T16:41:15,Pending
62,2025-04-11,2025-04-11T09:38:03,Walmart,Home Goods,1169.29,1,PayPal,2025-04-11T11:53:03,Completed
63,2025-04-11,2025-04-11T19:35:26,Costco,Home Goods,1811.44,2,Bank Transfer,2025-04-11T22:29:26,Cancelled
64,2025-04-11,2025-04-11T09:36:55,Costco,Tools,1635.13,3,Bank Transfer,2025-04-11T11:18:55,Pending
65,2025-04-11,2025-04-11T19:05:40,BestBuy,Books,108.72,7,Credit Card,2025-04-11T21:17:40,Completed
66,2025-04-11,2025-04-11T07:05:01,Apple,Apparel,606.93,10,Credit Card,2025-04-11T07:26:01,Completed
67,2025-04-11,2025-04-11T08:12:50,BestBuy,Apparel,1798.18,8,Debit Card,2025-04-11T08:25:50,Pending
68,2025-04-12,2025-04-12T03:54:03,BestBuy,Apparel,369.73,6,PayPal,2025-04-12T05:15:03,Cancelled
69,2025-04-12,2025-04-12T21:52:13,Costco,Electronics,471.69,1,PayPal,2025-04-12T21:53:13,Pending
70,2025-04-12,2025-04-12T02:29:00,eBay,Electronics,1128.19,5,Debit Card,2025-04-12T05:00:00,Completed
71,2025-04-12,2025-04-12T13:10:52,Microsoft,Software,310.69,6,PayPal,2025-04-12T13:19:52,Completed
72,2025-04-12,2025-04-12T08:15:37,Target,Books,877.35,1,PayPal,2025-04-12T08:21:37,Cancelled
73,2025-04-12,2025-04-12T07:56:28,Apple,Electronics,1113.04,3,Bank Transfer,2025-04-12T09:06:28,Pending
74,2025-04-13,2025-04-13T08:42:20,BestBuy,Home Goods,1831.26,10,Bank Transfer,2025-04-13T09:10:20,Completed
75,2025-04-13,2025-04-13T13:15:09,Apple,Electronics,1846.24,7,Credit Card,2025-04-13T15:54:09,Completed
76,2025-04-13,2025-04-13T15:52:53,Target,Electronics,409.49,9,Credit Card,2025-04-13T17:29:53,Cancelled
77,2025-04-13,2025-04-13T17:43:40,Amazon,Electronics,827.84,2,Bank Transfer,2025-04-13T18:19:40,Cancelled
78,2025-04-14,2025-04-14T20:30:53,Google,Electronics,1569.64,2,PayPal,2025-04-14T20:40:53,Pending
79,2025-04-14,2025-04-14T02:00:30,Google,Tools,338.13,6,Debit Card,2025-04-14T02:37:30,Cancelled
80,2025-04-14,2025-04-14T07:06:14,Walmart,Books,174.12,3,Credit Card,2025-04-14T08:52:14,Cancelled
81,2025-04-15,2025-04-15T16:30:40,Walmart,Tools,984.72,6,Debit Card,2025-04-15T18:21:40,Pending
82,2025-04-15,2025-04-15T19:38:35,Costco,Electronics,836.51,3,Debit Card,2025-04-15T22:00:35,Cancelled
83,2025-04-15,2025-04-15T19:34:09,Costco,Electronics,818.14,4,Debit Card,2025-04-15T20:43:09,Cancelled
84,2025-04-15,2025-04-15T12:50:05,Amazon,Sports,1758.39,2,PayPal,2025-04-15T15:17:05,Cancelled
85,2025-04-15,2025-04-15T12:26:38,Amazon,Electronics,1343.93,5,Debit Card,2025-04-15T14:29:38,Cancelled
86,2025-04-15,2025-04-15T06:42:26,Amazon,Home Goods,1400.24,10,Debit Card,2025-04-15T07:42:26,Completed
87,2025-04-16,2025-04-16T02:42:12,Walmart,Electronics,1911.79,1,Debit Card,2025-04-16T03:36:12,Completed
88,2025-04-16,2025-04-16T20:26:58,Google,Electronics,639.32,10,Debit Card,2025-04-16T21:52:58,Cancelled
89,2025-04-16,2025-04-16T09:49:36,eBay,Tools,330.42,5,Bank Transfer,2025-04-16T10:36:36,Completed
90,2025-04-16,2025-04-16T06:08:55,eBay,Sports,665.44,7,Bank Transfer,2025-04-16T07:50:55,Pending
91,2025-04-16,2025-04-16T04:43:27,Amazon,Books,104.95,7,Bank Transfer,2025-04-16T07:18:27,Pending
92,2025-04-16,2025-04-16T03:57:44,Target,Home Goods,1024.15,1,Debit Card,2025-04-16T06:48:44,Cancelled
93,2025-04-16,2025-04-16T02:23:50,Amazon,Home Goods,410.38,10,PayPal,2025-04-16T02:53:50,Completed
94,2025-04-17,2025-04-17T05:42:05,Microsoft,Tools,1109.85,6,Debit Card,2025-04-17T08:28:05,Cancelled
95,2025-04-17,2025-04-17T01:11:54,BestBuy,Groceries,37.75,9,Debit Card,2025-04-17T02:49:54,Pending
96,2025-04-17,2025-04-17T11:17:17,Microsoft,Home Goods,1917.84,8,PayPal,2025-04-17T12:34:17,Cancelled
97,2025-04-17,2025-04-17T04:56:54,Costco,Books,859.9,10,Bank Transfer,2025-04-17T06:28:54,Cancelled
98,2025-04-17,2025-04-17T17:58:44,eBay,Software,612.56,9,Debit Card,2025-04-17T18:03:44,Cancelled
99,2025-04-18,2025-04-18T20:20:07,BestBuy,Software,373.28,2,Credit Card,2025-04-18T22:05:07,Completed
100,2025-04-18,2025-04-18T23:15:59,Meta,Sports,182.56,10,Bank Transfer,2025-04-18T23:33:59,Pending
101,2025-04-18,2025-04-18T08:56:00,Microsoft,Tools,622.94,9,Debit Card,2025-04-18T11:22:00,Completed
102,2025-04-18,2025-04-18T20:40:27,Microsoft,Home Goods,925.52,5,Bank Transfer,2025-04-18T22:35:27,Pending
103,2025-04-18,2025-04-18T13:33:33,Google,Software,554.39,10,Bank Transfer,2025-04-18T14:08:33,Pending
104,2025-04-19,2025-04-19T17:52:16,Meta,Tools,1418.37,8,Bank Transfer,2025-04-19T18:53:16,Pending
105,2025-04-19,2025-04-19T14:27:52,Meta,Software,827.16,7,PayPal,2025-04-19T16:08:52,Completed
106,2025-04-19,2025-04-19T20:26:48,eBay,Electronics,1641.43,4,Debit Card,2025-04-19T20:43:48,Cancelled
107,2025-04-19,2025-04-19T17:35:41,Google,Sports,1422.4,7,Debit Card,2025-04-19T18:08:41,Cancelled
108,2025-04-20,2025-04-20T21:30:11,Costco,Electronics,1251.42,10,Bank Transfer,2025-04-20T23:16:11,Completed
109,2025-04-20,2025-04-20T11:33:34,Amazon,Home Goods,187.14,2,PayPal,2025-04-20T12:53:34,Cancelled
110,2025-04-20,2025-04-20T21:52:49,Walmart,Books,650.47,2,Credit Card,2025-04-20T22:45:49,Cancelled
111,2025-04-20,2025-04-20T11:55:39,eBay,Apparel,264.91,7,Bank Transfer,2025-04-20T12:07:39,Cancelled
112,2025-04-21,2025-04-21T03:05:33,Microsoft,Electronics,1445.95,10,PayPal,2025-04-21T04:53:33,Cancelled
113,2025-04-21,2025-04-21T08:25:48,Target,Groceries,1821.25,10,PayPal,2025-04-21T08:28:48,Pending
114,2025-04-21,2025-04-21T20:21:55,Google,Software,1131.21,8,PayPal,2025-04-21T20:26:55,Pending
115,2025-04-21,2025-04-21T12:22:47,Target,Sports,1408.67,10,Debit Card,2025-04-21T14:07:47,Completed
116,2025-04-21,2025-04-21T03:47:49,Microsoft,Electronics,1183.95,6,PayPal,2025-04-21T05:26:49,Pending
117,2025-04-22,2025-04-22T00:02:34,Amazon,Apparel,1784.96,8,Credit Card,2025-04-22T01:32:34,Cancelled
118,2025-04-22,2025-04-22T20:56:01,Walmart,Sports,1545.72,1,PayPal,2025-04-22T21:56:01,Completed
119,2025-04-22,2025-04-22T12:39:57,Apple,Home Goods,1186.44,1,Credit Card,2025-04-22T15:08:57,Pending
120,2025-04-23,2025-04-23T01:11:50,BestBuy,Tools,1790.7,4,Credit Card,2025-04-23T03:22:50,Completed
121,2025-04-23,2025-04-23T12:53:30,Google,Software,471.17,8,Bank Transfer,2025-04-23T13:38:30,Pending
122,2025-04-23,2025-04-23T17:55:12,Meta,Sports,1141.29,4,PayPal,2025-04-23T20:10:12,Completed
123,2025-04-23,2025-04-23T22:05:17,Target,Electronics,371.77,6,Credit Card,2025-04-23T23:26:17,Cancelled
124,2025-04-23,2025-04-23T22:20:04,eBay,Software,1267.06,8,Debit Card,2025-04-23T23:59:59,Pending
125,2025-04-23,2025-04-23T09:58:01,Meta,Software,1726.59,9,PayPal,2025-04-23T12:55:01,Cancelled
126,2025-04-23,2025-04-23T04:36:16,BestBuy,Groceries,1504.84,9,PayPal,2025-04-23T07:28:16,Cancelled
127,2025-04-24,2025-04-24T15:21:44,Walmart,Apparel,249.83,5,Debit Card,2025-04-24T15:59:44,Pending
128,2025-04-24,2025-04-24T19:23:22,Target,Sports,1813.81,4,Credit Card,2025-04-24T21:41:22,Cancelled
129,2025-04-24,2025-04-24T22:20:40,Walmart,Books,315.56,7,PayPal,2025-04-24T23:59:59,Cancelled
130,2025-04-24,2025-04-24T23:10:10,eBay,Software,324.97,8,Bank Transfer,2025-04-24T23:59:59,Cancelled
131,2025-04-24,2025-04-24T15:12:15,Microsoft,Home Goods,1057.38,9,Credit Card,2025-04-24T17:37:15,Cancelled
132,2025-04-24,2025-04-24T20:41:11,Amazon,Software,1998.21,1,Debit Card,2025-04-24T22:12:11,Pending
133,2025-04-25,2025-04-25T17:01:56,Walmart,Sports,1151.74,8,Credit Card,2025-04-25T18:22:56,Pending
134,2025-04-25,2025-04-25T04:35:54,Google,Tools,747.11,10,PayPal,2025-04-25T07:27:54,Pending
135,2025-04-25,2025-04-25T17:56:32,Costco,Groceries,1365.63,4,Debit Card,2025-04-25T20:35:32,Cancelled
136,2025-04-25,2025-04-25T08:43:18,Meta,Electronics,1192.09,10,Credit Card,2025-04-25T11:20:18,Completed
137,2025-04-25,2025-04-25T03:07:02,Google,Home Goods,1738.33,10,PayPal,2025-04-25T06:05:02,Cancelled
138,2025-04-25,2025-04-25T21:50:04,Apple,Groceries,112.92,3,PayPal,2025-04-25T23:07:04,Cancelled
139,2025-04-25,2025-04-25T23:16:01,Walmart,Tools,750.6,6,Debit Card,2025-04-25T23:59:59,Cancelled
140,2025-04-25,2025-04-25T11:46:49,eBay,Books,1884.09,10,PayPal,2025-04-25T13:54:49,Pending
141,2025-04-26,2025-04-26T07:06:21,BestBuy,Home Goods,526.03,8,Bank Transfer,2025-04-26T08:40:21,Cancelled
142,2025-04-26,2025-04-26T07:36:14,eBay,Home Goods,150.14,3,PayPal,2025-04-26T09:24:14,Cancelled
143,2025-04-26,2025-04-26T02:52:41,Microsoft,Groceries,686.33,10,Credit Card,2025-04-26T04:26:41,Pending
144,2025-04-26,2025-04-26T03:43:20,eBay,Home Goods,391.9,10,Credit Card,2025-04-26T04:48:20,Completed
145,2025-04-26,2025-04-26T01:53:20,Walmart,Tools,1167.46,8,PayPal,2025-04-26T02:29:20,Cancelled
146,2025-04-26,2025-04-26T15:37:40,Apple,Electronics,1336.91,8,Debit Card,2025-04-26T17:27:40,Pending
147,2025-04-27,2025-04-27T02:24:22,Target,Software,1765.44,8,PayPal,2025-04-27T04:40:22,Cancelled
148,2025-04-27,2025-04-27T15:42:05,Costco,Books,1358.22,6,Bank Transfer,2025-04-27T17:02:05,Completed
149,2025-04-27,2025-04-27T23:54:33,Walmart,Electronics,266.94,10,PayPal,2025-04-27T23:59:59,Pending
150,2025-04-27,2025-04-27T11:53:10,Microsoft,Sports,255.75,10,Credit Card,2025-04-27T13:42:10,Cancelled
151,2025-04-27,2025-04-27T19:43:18,BestBuy,Home Goods,1980.87,4,PayPal,2025-04-27T21:46:18,Completed
152,2025-04-28,2025-04-28T10:50:43,Meta,Apparel,55.91,6,PayPal,2025-04-28T11:56:43,Cancelled
153,2025-04-28,2025-04-28T03:34:23,Apple,Groceries,73.37,4,Bank Transfer,2025-04-28T04:09:23,Completed
154,2025-04-28,2025-04-28T01:11:42,Google,Software,726.6,4,Debit Card,2025-04-28T02:13:42,Completed
155,2025-04-28,2025-04-28T12:23:41,Amazon,Groceries,607.76,9,Credit Card,2025-04-28T14:36:41,Pending
156,2025-04-28,2025-04-28T14:46:38,BestBuy,Apparel,757.56,6,Bank Transfer,2025-04-28T15:30:38,Cancelled
157,2025-04-28,2025-04-28T12:51:11,Costco,Apparel,1688.18,6,Debit Card,2025-04-28T13:04:11,Completed
158,2025-04-28,2025-04-28T22:34:15,Meta,Groceries,1459.92,8,PayPal,2025-04-28T23:59:59,Pending
159,2025-04-28,2025-04-28T01:07:15,Apple,Software,1317.48,4,Debit Card,2025-04-28T03:40:15,Pending
160,2025-04-29,2025-04-29T18:39:58,Walmart,Tools,1662.01,1,Credit Card,2025-04-29T19:38:58,Completed
161,2025-04-29,2025-04-29T00:54:56,Target,Sports,669.42,9,Bank Transfer,2025-04-29T01:17:56,Completed
162,2025-04-29,2025-04-29T21:21:09,Google,Software,1935.32,1,PayPal,2025-04-29T23:22:09,Completed
163,2025-04-29,2025-04-29T18:00:56,Target,Software,507.63,3,PayPal,2025-04-29T20:49:56,Cancelled
164,2025-04-30,2025-04-30T05:32:35,Costco,Home Goods,308.7,9,PayPal,2025-04-30T07:31:35,Cancelled
165,2025-04-30,2025-04-30T14:20:41,Meta,Apparel,811.54,7,Credit Card,2025-04-30T14:59:41,Cancelled
166,2025-04-30,2025-04-30T02:44:16,BestBuy,Sports,1451.41,4,Bank Transfer,2025-04-30T04:55:16,Completed
167,2025-04-30,2025-04-30T19:24:55,Target,Groceries,1286.7,3,PayPal,2025-04-30T22:16:55,Completed
168,2025-04-30,2025-04-30T04:53:41,Amazon,Electronics,289.36,5,Credit Card,2025-04-30T05:18:41,Completed
169,2025-04-30,2025-04-30T07:36:25,Walmart,Tools,1725.45,10,Debit Card,2025-04-30T08:24:25,Cancelled
170,2025-04-30,2025-04-30T17:48:13,eBay,Tools,602.94,9,Debit Card,2025-04-30T18:15:13,Completed
171,2025-05-01,2025-05-01T19:12:31,Apple,Electronics,593.12,2,Bank Transfer,2025-05-01T19:41:31,Completed
172,2025-05-01,2025-05-01T21:11:06,Walmart,Books,65.7,6,Bank Transfer,2025-05-01T22:54:06,Completed
173,2025-05-01,2025-05-01T07:39:57,Meta,Home Goods,1729.08,4,Bank Transfer,2025-05-01T10:23:57,Completed
174,2025-05-02,2025-05-02T15:41:17,Costco,Books,1297.06,2,Debit Card,2025-05-02T17:36:17,Pending
175,2025-05-02,2025-05-02T18:32:10,Google,Tools,805.74,2,PayPal,2025-05-02T21:24:10,Pending
176,2025-05-02,2025-05-02T03:57:17,Amazon,Sports,1387.29,2,Bank Transfer,2025-05-02T06:00:17,Pending
177,2025-05-03,2025-05-03T16:51:28,Target,Tools,1724.73,3,Credit Card,2025-05-03T17:46:28,Pending
178,2025-05-03,2025-05-03T14:50:49,Amazon,Groceries,1663.81,8,Credit Card,2025-05-03T15:02:49,Completed
179,2025-05-03,2025-05-03T11:42:09,eBay,Electronics,1951.04,2,Debit Card,2025-05-03T14:18:09,Pending
180,2025-05-03,2025-05-03T23:20:44,Walmart,Apparel,1930.62,6,Credit Card,2025-05-03T23:59:59,Pending
181,2025-05-03,2025-05-03T10:06:58,Amazon,Apparel,1810.97,4,Credit Card,2025-05-03T11:59:58,Completed
182,2025-05-03,2025-05-03T06:55:38,eBay,Groceries,1036.48,6,PayPal,2025-05-03T07:18:38,Pending
183,2025-05-03,2025-05-03T22:18:17,Walmart,Sports,474.22,3,Bank Transfer,2025-05-03T23:59:59,Pending
184,2025-05-03,2025-05-03T12:24:51,Walmart,Tools,1860.94,7,Credit Card,2025-05-03T12:50:51,Pending
185,2025-05-04,2025-05-04T14:12:48,Target,Groceries,527.98,5,Credit Card,2025-05-04T14:41:48,Pending
186,2025-05-04,2025-05-04T23:49:06,Amazon,Home Goods,1643.43,10,Debit Card,2025-05-04T23:59:59,Completed
187,2025-05-04,2025-05-04T05:32:03,Costco,Apparel,1258.09,2,PayPal,2025-05-04T07:11:03,Pending
188,2025-05-04,2025-05-04T19:38:08,Costco,Home Goods,1122.65,6,Bank Transfer,2025-05-04T20:36:08,Cancelled
189,2025-05-05,2025-05-05T21:41:02,eBay,Sports,983.69,10,PayPal,2025-05-05T23:59:59,Pending
190,2025-05-05,2025-05-05T00:21:42,BestBuy,Books,831.08,2,Bank Transfer,2025-05-05T00:26:42,Completed
191,2025-05-05,2025-05-05T11:39:49,BestBuy,Groceries,638.98,9,PayPal,2025-05-05T14:04:49,Pending
192,2025-05-05,2025-05-05T17:39:57,eBay,Tools,1415.35,7,PayPal,2025-05-05T18:33:57,Cancelled
193,2025-05-05,2025-05-05T03:57:01,Apple,Tools,1653.86,2,Bank Transfer,2025-05-05T05:12:01,Completed
194,2025-05-05,2025-05-05T20:23:21,Apple,Books,684.3,9,PayPal,2025-05-05T21:08:21,Pending
195,2025-05-05,2025-05-05T10:56:38,Apple,Apparel,573.81,10,Credit Card,2025-05-05T13:25:38,Pending
196,2025-05-06,2025-05-06T10:22:08,Meta,Software,1673.61,9,Bank Transfer,2025-05-06T12:56:08,Pending
197,2025-05-06,2025-05-06T12:58:06,Apple,Books,1677.68,5,Debit Card,2025-05-06T13:36:06,Completed
198,2025-05-06,2025-05-06T01:29:38,Google,Groceries,1915.23,1,Debit Card,2025-05-06T04:13:38,Pending
199,2025-05-06,2025-05-06T10:44:26,Walmart,Sports,718.91,2,Debit Card,2025-05-06T12:28:26,Pending
200,2025-05-06,2025-05-06T04:10:02,Amazon,Electronics,1584.55,1,Bank Transfer,2025-05-06T05:24:02,Cancelled
201,2025-05-06,2025-05-06T00:24:23,BestBuy,Software,1470.34,1,Credit Card,2025-05-06T02:12:23,Cancelled
202,2025-05-06,2025-05-06T08:31:21,Amazon,Books,710.34,1,PayPal,2025-05-06T10:10:21,Completed
203,2025-05-06,2025-05-06T09:52:30,Walmart,Books,1923.42,1,PayPal,2025-05-06T12:46:30,Completed
204,2025-05-07,2025-05-07T12:03:29,Google,Electronics,1043.06,2,Bank Transfer,2025-05-07T13:41:29,Cancelled
205,2025-05-07,2025-05-07T13:18:44,Costco,Home Goods,618.56,8,Credit Card,2025-05-07T14:39:44,Cancelled
206,2025-05-07,2025-05-07T23:12:46,Apple,Electronics,959.81,9,Debit Card,2025-05-07T23:59:59,Cancelled
207,2025-05-07,2025-05-07T16:00:51,Target,Tools,640.99,4,PayPal,2025-05-07T18:31:51,Completed
208,2025-05-07,2025-05-07T04:52:48,Costco,Sports,271.65,7,Credit Card,2025-05-07T05:22:48,Completed
209,2025-05-07,2025-05-07T13:57:33,Apple,Home Goods,1428.86,6,Debit Card,2025-05-07T14:10:33,Cancelled
210,2025-05-08,2025-05-08T16:12:55,Amazon,Sports,957.29,3,Bank Transfer,2025-05-08T16:40:55,Completed
211,2025-05-08,2025-05-08T12:12:59,BestBuy,Home Goods,200.78,2,Credit Card,2025-05-08T13:24:59,Pending
212,2025-05-08,2025-05-08T21:51:13,Meta,Apparel,1035.67,5,Credit Card,2025-05-08T23:59:59,Cancelled
213,2025-05-08,2025-05-08T08:34:48,Walmart,Home Goods,1391.46,7,Debit Card,2025-05-08T10:27:48,Cancelled
214,2025-05-08,2025-05-08T17:45:58,Microsoft,Groceries,1878.96,1,Credit Card,2025-05-08T18:09:58,Pending
215,2025-05-08,2025-05-08T07:37:37,Amazon,Tools,28.63,9,Debit Card,2025-05-08T07:49:37,Pending
216,2025-05-09,2025-05-09T00:50:01,Target,Electronics,135.41,2,Bank Transfer,2025-05-09T02:14:01,Cancelled
217,2025-05-09,2025-05-09T05:02:03,Target,Electronics,62.13,5,PayPal,2025-05-09T05:41:03,Pending
218,2025-05-09,2025-05-09T11:30:24,eBay,Electronics,739.7,8,Credit Card,2025-05-09T12:47:24,Pending
219,2025-05-09,2025-05-09T20:47:14,Google,Groceries,257.42,1,Credit Card,2025-05-09T20:57:14,Pending
220,2025-05-09,2025-05-09T00:30:34,Microsoft,Tools,1701.43,6,Credit Card,2025-05-09T02:56:34,Pending
221,2025-05-09,2025-05-09T01:45:02,Amazon,Books,1948.06,7,Debit Card,2025-05-09T04:29:02,Completed
222,2025-05-09,2025-05-09T15:53:06,Amazon,Home Goods,150.16,1,PayPal,2025-05-09T16:09:06,Cancelled
223,2025-05-10,2025-05-10T03:42:48,Microsoft,Apparel,617.49,2,Credit Card,2025-05-10T06:04:48,Pending
224,2025-05-10,2025-05-10T00:03:52,Walmart,Electronics,305.38,8,PayPal,2025-05-10T02:24:52,Cancelled
225,2025-05-10,2025-05-10T23:01:04,Walmart,Tools,370.44,8,Credit Card,2025-05-10T23:59:59,Cancelled
226,2025-05-10,2025-05-10T01:04:10,Microsoft,Groceries,1370.06,6,Bank Transfer,2025-05-10T01:43:10,Completed
227,2025-05-10,2025-05-10T11:20:33,eBay,Apparel,182.37,5,PayPal,2025-05-10T12:58:33,Completed
228,2025-05-10,2025-05-10T21:51:08,eBay,Software,795.03,8,Bank Transfer,2025-05-10T23:59:59,Cancelled
229,2025-05-10,2025-05-10T02:49:14,BestBuy,Sports,1926.02,9,PayPal,2025-05-10T02:54:14,Cancelled
230,2025-05-10,2025-05-10T17:55:26,BestBuy,Groceries,878.92,4,Bank Transfer,2025-05-10T18:44:26,Cancelled
231,2025-05-11,2025-05-11T13:40:29,Apple,Apparel,1631.1,7,Bank Transfer,2025-05-11T14:22:29,Cancelled
232,2025-05-11,2025-05-11T19:27:26,Meta,Books,822.84,10,Credit Card,2025-05-11T21:06:26,Completed
233,2025-05-11,2025-05-11T16:08:19,Costco,Electronics,644.65,8,Debit Card,2025-05-11T16:26:19,Completed
234,2025-05-11,2025-05-11T22:12:40,BestBuy,Apparel,1506.21,1,Bank Transfer,2025-05-11T23:58:40,Cancelled
235,2025-05-11,2025-05-11T00:37:30,Walmart,Sports,667.72,7,Debit Card,2025-05-11T03:16:30,Cancelled
236,2025-05-11,2025-05-11T03:00:28,Meta,Tools,397.78,9,PayPal,2025-05-11T05:51:28,Completed
237,2025-05-11,2025-05-11T09:43:40,BestBuy,Tools,599.4,10,Credit Card,2025-05-11T11:50:40,Cancelled
238,2025-05-11,2025-05-11T23:58:21,Google,Software,1023.09,6,Credit Card,2025-05-11T23:59:59,Pending
239,2025-05-12,2025-05-12T23:17:22,Costco,Sports,1171.76,2,Credit Card,2025-05-12T23:59:59,Cancelled
240,2025-05-12,2025-05-12T09:47:25,Costco,Home Goods,1170.6,6,PayPal,2025-05-12T11:58:25,Completed
241,2025-05-12,2025-05-12T20:32:14,Amazon,Tools,1797.55,3,PayPal,2025-05-12T21:23:14,Completed
242,2025-05-13,2025-05-13T21:15:47,eBay,Apparel,551.04,2,Credit Card,2025-05-13T23:28:47,Pending
243,2025-05-13,2025-05-13T20:06:15,Meta,Tools,1770.27,2,Bank Transfer,2025-05-13T20:57:15,Completed
244,2025-05-13,2025-05-13T14:29:13,Google,Home Goods,1640.69,9,Debit Card,2025-05-13T15:18:13,Pending
245,2025-05-14,2025-05-14T13:00:00,BestBuy,Electronics,1661.98,3,Credit Card,2025-05-14T14:21:00,Pending
246,2025-05-14,2025-05-14T04:18:29,Meta,Apparel,1737.71,5,Bank Transfer,2025-05-14T04:21:29,Completed
247,2025-05-14,2025-05-14T11:31:59,Google,Groceries,1927.15,5,Bank Transfer,2025-05-14T13:24:59,Completed
248,2025-05-14,2025-05-14T06:27:48,Google,Apparel,730.49,9,PayPal,2025-05-14T06:47:48,Completed
249,2025-05-14,2025-05-14T14:38:14,Microsoft,Software,81.88,4,PayPal,2025-05-14T17:08:14,Pending
250,2025-05-14,2025-05-14T06:06:59,Microsoft,Tools,1291.27,7,PayPal,2025-05-14T06:26:59,Pending
251,2025-05-14,2025-05-14T21:22:45,Walmart,Electronics,174.66,8,Credit Card,2025-05-14T22:46:45,Completed
252,2025-05-15,2025-05-15T21:59:23,Apple,Apparel,99.69,3,Debit Card,2025-05-15T22:45:23,Pending
253,2025-05-15,2025-05-15T12:14:54,Google,Books,1559.85,1,Debit Card,2025-05-15T14:55:54,Cancelled
254,2025-05-15,2025-05-15T12:08:44,Target,Apparel,1693.27,7,Credit Card,2025-05-15T14:09:44,Cancelled
255,2025-05-15,2025-05-15T11:28:15,Apple,Electronics,1864.84,3,PayPal,2025-05-15T11:50:15,Cancelled
256,2025-05-15,2025-05-15T07:32:59,eBay,Groceries,318.33,2,Debit Card,2025-05-15T09:22:59,Completed
257,2025-05-16,2025-05-16T18:25:25,BestBuy,Home Goods,668.07,3,PayPal,2025-05-16T19:08:25,Completed
258,2025-05-16,2025-05-16T05:08:45,Google,Electronics,1316.85,9,Bank Transfer,2025-05-16T05:30:45,Pending
259,2025-05-16,2025-05-16T14:36:58,Meta,Sports,787.93,8,PayPal,2025-05-16T15:48:58,Cancelled
260,2025-05-16,2025-05-16T11:54:34,BestBuy,Books,1958.26,3,Debit Card,2025-05-16T12:00:34,Pending
261,2025-05-16,2025-05-16T14:34:05,Google,Tools,1219.88,7,Debit Card,2025-05-16T15:13:05,Completed
262,2025-05-17,2025-05-17T16:57:47,BestBuy,Sports,1844.84,6,Bank Transfer,2025-05-17T17:01:47,Cancelled
263,2025-05-17,2025-05-17T18:01:52,BestBuy,Books,1217.5,2,Bank Transfer,2025-05-17T20:06:52,Cancelled
264,2025-05-17,2025-05-17T15:34:23,eBay,Groceries,1543.99,6,Credit Card,2025-05-17T18:14:23,Pending
265,2025-05-18,2025-05-18T23:33:14,Costco,Apparel,1244.74,2,Debit Card,2025-05-18T23:59:59,Completed
266,2025-05-18,2025-05-18T15:38:17,eBay,Apparel,813.57,3,Bank Transfer,2025-05-18T18:27:17,Pending
267,2025-05-18,2025-05-18T13:50:51,Google,Software,1856.03,2,Debit Card,2025-05-18T15:35:51,Pending
268,2025-05-18,2025-05-18T08:50:15,Walmart,Books,995.46,1,PayPal,2025-05-18T09:51:15,Pending
269,2025-05-18,2025-05-18T11:42:56,BestBuy,Home Goods,1722.96,8,Credit Card,2025-05-18T12:34:56,Completed
270,2025-05-19,2025-05-19T12:15:18,BestBuy,Software,593.85,9,Bank Transfer,2025-05-19T13:20:18,Cancelled
271,2025-05-19,2025-05-19T11:34:22,BestBuy,Electronics,579.71,6,Debit Card,2025-05-19T13:38:22,Completed
272,2025-05-19,2025-05-19T21:01:46,Costco,Sports,857.4,10,Debit Card,2025-05-19T22:12:46,Cancelled
273,2025-05-19,2025-05-19T10:14:56,Walmart,Groceries,1144.3,10,Credit Card,2025-05-19T13:05:56,Cancelled
274,2025-05-19,2025-05-19T20:17:07,Costco,Sports,1976.77,2,PayPal,2025-05-19T20:49:07,Cancelled
275,2025-05-19,2025-05-19T08:33:30,Target,Electronics,1540.65,2,Credit Card,2025-05-19T10:09:30,Cancelled
276,2025-05-19,2025-05-19T11:40:11,Walmart,Software,1779.8,2,PayPal,2025-05-19T14:26:11,Completed
277,2025-05-19,2025-05-19T00:56:41,Amazon,Electronics,348.99,5,Credit Card,2025-05-19T02:14:41,Cancelled
278,2025-05-20,2025-05-20T10:09:16,Google,Apparel,201.57,2,Bank Transfer,2025-05-20T12:26:16,Pending
279,2025-05-20,2025-05-20T16:07:15,Amazon,Sports,256.8,8,PayPal,2025-05-20T17:45:15,Cancelled
280,2025-05-20,2025-05-20T13:20:25,Walmart,Groceries,1937.45,3,Credit Card,2025-05-20T15:31:25,Pending
281,2025-05-20,2025-05-20T07:41:17,Apple,Groceries,1414.6,2,Credit Card,2025-05-20T08:31:17,Pending
282,2025-05-20,2025-05-20T04:25:04,Walmart,Electronics,1636.96,6,Credit Card,2025-05-20T07:06:04,Pending
283,2025-05-20,2025-05-20T17:49:54,Google,Sports,1309.09,9,Credit Card,2025-05-20T18:40:54,Cancelled
284,2025-05-20,2025-05-20T22:53:58,Google,Tools,1466.52,2,PayPal,2025-05-20T23:59:59,Pending
285,2025-05-21,2025-05-21T09:54:14,Walmart,Electronics,323.33,8,Debit Card,2025-05-21T11:27:14,Cancelled
286,2025-05-21,2025-05-21T06:04:35,Amazon,Tools,1898.86,2,Credit Card,2025-05-21T06:48:35,Completed
287,2025-05-21,2025-05-21T08:02:25,Google,Sports,1607.92,1,PayPal,2025-05-21T08:26:25,Pending
288,2025-05-21,2025-05-21T14:47:45,Apple,Software,1697.4,7,Credit Card,2025-05-21T16:04:45,Pending
289,2025-05-22,2025-05-22T00:07:33,Costco,Apparel,493.7,3,Credit Card,2025-05-22T01:20:33,Cancelled
290,2025-05-22,2025-05-22T20:45:24,Amazon,Tools,1582.13,10,PayPal,2025-05-22T21:50:24,Pending
291,2025-05-22,2025-05-22T13:21:29,Costco,Electronics,343.38,7,Debit Card,2025-05-22T15:19:29,Pending
292,2025-05-22,2025-05-22T17:48:47,Microsoft,Electronics,1614.41,4,PayPal,2025-05-22T19:27:47,Cancelled
293,2025-05-22,2025-05-22T16:37:02,Google,Home Goods,1267.36,2,Credit Card,2025-05-22T19:00:02,Pending
294,2025-05-22,2025-05-22T08:37:48,Microsoft,Groceries,275.85,7,Debit Card,2025-05-22T10:24:48,Cancelled
295,2025-05-22,2025-05-22T02:33:53,Google,Software,99.25,6,Bank Transfer,2025-05-22T04:29:53,Completed
296,2025-05-22,2025-05-22T04:31:16,Target,Home Goods,1404.2,6,Credit Card,2025-05-22T04:44:16,Cancelled
297,2025-05-23,2025-05-23T16:42:19,BestBuy,Home Goods,744.95,2,PayPal,2025-05-23T18:43:19,Completed
298,2025-05-23,2025-05-23T04:27:57,Walmart,Software,44.18,4,PayPal,2025-05-23T05:42:57,Cancelled
299,2025-05-23,2025-05-23T01:48:15,Apple,Software,493.38,9,PayPal,2025-05-23T03:13:15,Cancelled
300,2025-05-23,2025-05-23T00:21:58,Meta,Sports,1925.46,1,Credit Card,2025-05-23T01:57:58,Cancelled
301,2025-05-23,2025-05-23T12:12:35,Walmart,Sports,1261.36,10,Credit Card,2025-05-23T14:31:35,Completed
302,2025-05-23,2025-05-23T07:28:54,Microsoft,Sports,86.0,9,Bank Transfer,2025-05-23T08:00:54,Completed
303,2025-05-23,2025-05-23T13:19:22,BestBuy,Electronics,1850.61,10,PayPal,2025-05-23T14:50:22,Completed
304,2025-05-23,2025-05-23T03:50:29,Amazon,Home Goods,849.57,10,Debit Card,2025-05-23T06:08:29,Completed
305,2025-05-24,2025-05-24T04:33:26,Google,Software,688.77,1,PayPal,2025-05-24T04:56:26,Completed
306,2025-05-24,2025-05-24T02:12:00,BestBuy,Apparel,1907.97,5,Bank Transfer,2025-05-24T03:24:00,Cancelled
307,2025-05-24,2025-05-24T02:14:18,Amazon,Home Goods,1986.59,4,Credit Card,2025-05-24T02:55:18,Completed
308,2025-05-24,2025-05-24T10:16:44,Walmart,Books,456.05,5,Debit Card,2025-05-24T12:15:44,Completed
309,2025-05-24,2025-05-24T16:44:08,Walmart,Books,857.84,9,Credit Card,2025-05-24T18:00:08,Cancelled
310,2025-05-24,2025-05-24T13:19:09,Walmart,Tools,382.19,10,PayPal,2025-05-24T16:15:09,Completed
311,2025-05-24,2025-05-24T01:09:48,BestBuy,Home Goods,1522.15,5,Debit Card,2025-05-24T01:34:48,Completed
312,2025-05-25,2025-05-25T18:09:03,Costco,Apparel,897.42,5,Bank Transfer,2025-05-25T20:03:03,Cancelled
313,2025-05-25,2025-05-25T21:29:32,Apple,Electronics,95.39,1,Debit Card,2025-05-25T23:23:32,Pending
314,2025-05-25,2025-05-25T21:28:47,BestBuy,Software,287.17,10,PayPal,2025-05-25T23:59:59,Completed
315,2025-05-25,2025-05-25T04:16:14,eBay,Tools,1846.12,9,PayPal,2025-05-25T04:18:14,Cancelled
316,2025-05-25,2025-05-25T19:13:11,Microsoft,Books,598.18,5,Bank Transfer,2025-05-25T19:20:11,Completed
317,2025-05-25,2025-05-25T20:14:50,eBay,Tools,1359.42,7,PayPal,2025-05-25T23:07:50,Pending
318,2025-05-25,2025-05-25T01:51:40,Google,Home Goods,1501.87,7,Bank Transfer,2025-05-25T01:52:40,Completed
319,2025-05-26,2025-05-26T07:30:32,BestBuy,Groceries,1732.21,6,Bank Transfer,2025-05-26T09:13:32,Completed
320,2025-05-26,2025-05-26T09:59:14,Walmart,Software,1158.89,6,Debit Card,2025-05-26T11:53:14,Cancelled
321,2025-05-26,2025-05-26T15:23:19,Amazon,Software,234.57,8,Debit Card,2025-05-26T16:23:19,Pending
322,2025-05-27,2025-05-27T03:28:19,Walmart,Software,1554.67,8,Debit Card,2025-05-27T04:16:19,Completed
323,2025-05-27,2025-05-27T18:09:17,Meta,Sports,1082.09,9,Credit Card,2025-05-27T19:36:17,Pending
324,2025-05-27,2025-05-27T12:43:15,Target,Software,251.28,5,Credit Card,2025-05-27T12:58:15,Cancelled
325,2025-05-28,2025-05-28T19:18:32,Costco,Tools,412.5,5,Debit Card,2025-05-28T20:53:32,Pending
326,2025-05-28,2025-05-28T06:59:28,Walmart,Tools,1451.14,8,PayPal,2025-05-28T08:03:28,Cancelled
327,2025-05-28,2025-05-28T19:48:11,Microsoft,Books,1301.24,5,Debit Card,2025-05-28T21:54:11,Completed
328,2025-05-28,2025-05-28T06:13:54,Google,Apparel,32.8,8,Debit Card,2025-05-28T07:57:54,Pending
329,2025-05-28,2025-05-28T03:14:57,BestBuy,Groceries,648.65,4,Debit Card,2025-05-28T06:06:57,Pending
330,2025-05-28,2025-05-28T18:57:17,Target,Home Goods,591.1,3,PayPal,2025-05-28T20:07:17,Cancelled
331,2025-05-28,2025-05-28T20:07:13,eBay,Electronics,1428.48,10,PayPal,2025-05-28T22:09:13,Pending
332,2025-05-28,2025-05-28T11:30:58,Microsoft,Books,662.13,3,Bank Transfer,2025-05-28T13:40:58,Completed
333,2025-05-29,2025-05-29T18:34:24,Meta,Books,1529.91,6,Bank Transfer,2025-05-29T20:40:24,Completed
334,2025-05-29,2025-05-29T03:53:15,eBay,Home Goods,1158.4,6,PayPal,2025-05-29T05:58:15,Completed
335,2025-05-29,2025-05-29T20:52:49,Microsoft,Books,821.63,5,Bank Transfer,2025-05-29T20:52:49,Cancelled
336,2025-05-30,2025-05-30T20:28:50,Meta,Software,326.62,4,Credit Card,2025-05-30T22:14:50,Completed
337,2025-05-30,2025-05-30T15:41:42,Meta,Software,1440.5,8,PayPal,2025-05-30T18:04:42,Completed
338,2025-05-30,2025-05-30T00:51:06,Apple,Home Goods,297.76,2,PayPal,2025-05-30T02:48:06,Cancelled
339,2025-06-01,2025-06-01T17:37:38,Target,Home Goods,1041.31,1,PayPal,2025-06-01T19:28:38,Pending
340,2025-06-02,2025-06-02T16:04:00,Amazon,Sports,1553.28,10,Credit Card,2025-06-02T16:10:00,Refunded
341,2025-06-03,2025-06-03T04:45:21,Microsoft,Software,31.86,3,Debit Card,2025-06-03T05:26:21,Completed
342,2025-06-04,2025-06-04T05:03:03,Costco,Books,1698.01,7,Debit Card,2025-06-04T05:45:03,Completed
343,2025-06-05,2025-06-05T05:19:57,Costco,Books,241.14,4,PayPal,2025-06-05T06:19:57,Completed
344,2025-06-06,2025-06-06T12:14:00,Microsoft,Software,1498.75,5,Debit Card,2025-06-06T14:05:00,Cancelled
345,2025-06-07,2025-06-07T05:06:26,Meta,Home Goods,1810.6,5,Debit Card,2025-06-07T05:56:26,Pending
346,2025-06-08,2025-06-08T18:35:09,Meta,Groceries,815.64,4,PayPal,2025-06-08T20:14:09,Completed
347,2025-06-09,2025-06-09T13:46:59,Microsoft,Tools,201.24,5,Bank Transfer,2025-06-09T15:15:59,Refunded
348,2025-06-10,2025-06-10T01:03:39,Target,Software,1202.04,3,Credit Card,2025-06-10T01:11:39,Refunded
349,2025-06-11,2025-06-11T15:27:43,Apple,Apparel,1884.49,5,Credit Card,2025-06-11T17:12:43,Pending
350,2025-06-12,2025-06-12T03:21:19,Apple,Groceries,1990.91,10,Debit Card,2025-06-12T03:38:19,Cancelled
351,2025-06-13,2025-06-13T10:16:16,Google,Home Goods,561.43,10,Credit Card,2025-06-13T10:18:16,Pending
352,2025-06-14,2025-06-14T06:32:47,Google,Books,776.92,8,Bank Transfer,2025-06-14T07:36:47,Cancelled
353,2025-06-15,2025-06-15T04:08:57,Costco,Books,1621.91,5,Bank Transfer,2025-06-15T04:46:57,Pending
354,2025-06-16,2025-06-16T20:11:05,Costco,Books,432.92,2,Debit Card,2025-06-16T20:47:05,Cancelled
355,2025-06-17,2025-06-17T03:46:57,Amazon,Tools,876.54,7,Debit Card,2025-06-17T05:45:57,Completed
356,2025-06-18,2025-06-18T13:03:27,Amazon,Books,1435.31,5,Credit Card,2025-06-18T13:36:27,Completed
357,2025-06-19,2025-06-19T15:37:21,Google,Home Goods,39.0,3,Bank Transfer,2025-06-19T16:16:21,Pending
358,2025-06-20,2025-06-20T03:05:25,Target,Electronics,1987.26,3,PayPal,2025-06-20T04:32:25,Cancelled
359,2025-06-21,2025-06-21T19:45:24,Amazon,Groceries,1267.45,2,Bank Transfer,2025-06-21T20:57:24,Cancelled
360,2025-06-22,2025-06-22T17:12:33,Amazon,Sports,470.82,4,Credit Card,2025-06-22T17:40:33,Completed
361,2025-06-23,2025-06-23T15:17:18,Apple,Apparel,1109.48,5,Debit Card,2025-06-23T17:13:18,Completed
362,2025-06-24,2025-06-24T22:28:45,Walmart,Electronics,1365.46,8,Credit Card,2025-06-24T22:45:45,Completed
363,2025-06-25,2025-06-25T21:31:39,Microsoft,Electronics,37.76,4,Debit Card,2025-06-25T23:18:39,Pending
364,2025-06-26,2025-06-26T20:07:37,Target,Books,677.12,10,Credit Card,2025-06-26T22:06:37,Pending
365,2025-06-27,2025-06-27T19:24:01,Microsoft,Tools,1089.08,9,Debit Card,2025-06-27T19:27:01,Pending
366,2025-06-28,2025-06-28T15:50:07,BestBuy,Electronics,78.17,4,Debit Card,2025-06-28T16:12:07,Cancelled
367,2025-06-29,2025-06-29T21:59:38,Microsoft,Books,1226.59,6,Debit Card,2025-06-29T23:20:38,Cancelled
368,2025-06-30,2025-06-30T23:54:30,Google,Home Goods,567.1,3,Debit Card,2025-06-30T23:59:59,Pending
369,2025-06-01,2025-06-01T21:26:27,eBay,Books,1656.66,1,Credit Card,2025-06-01T21:39:27,Pending
370,2025-06-02,2025-06-02T20:27:15,Microsoft,Groceries,925.92,8,PayPal,2025-06-02T21:20:15,Refunded
371,2025-06-03,2025-06-03T09:37:35,Amazon,Tools,969.09,5,PayPal,2025-06-03T10:41:35,Refunded
372,2025-06-04,2025-06-04T12:27:08,eBay,Sports,1198.01,9,PayPal,2025-06-04T14:17:08,Refunded
373,2025-06-05,2025-06-05T20:43:03,Meta,Sports,1937.3,9,Bank Transfer,2025-06-05T21:00:03,Cancelled
374,2025-06-06,2025-06-06T23:21:38,Google,Apparel,869.22,1,Debit Card,2025-06-06T23:59:59,Pending
375,2025-06-07,2025-06-07T07:33:37,Google,Books,1942.02,3,PayPal,2025-06-07T08:41:37,Pending
376,2025-06-08,2025-06-08T17:03:09,Target,Electronics,568.06,5,Credit Card,2025-06-08T18:09:09,Pending
377,2025-06-09,2025-06-09T00:45:09,Apple,Groceries,829.86,1,PayPal,2025-06-09T02:13:09,Completed
378,2025-06-10,2025-06-10T17:08:07,Microsoft,Sports,1281.28,2,Debit Card,2025-06-10T17:11:07,Refunded
379,2025-06-11,2025-06-11T13:08:04,Amazon,Books,823.23,9,PayPal,2025-06-11T13:55:04,Completed
380,2025-06-12,2025-06-12T10:51:41,eBay,Software,1250.98,3,PayPal,2025-06-12T11:45:41,Cancelled
381,2025-06-13,2025-06-13T09:20:12,Costco,Apparel,1800.86,2,PayPal,2025-06-13T09:37:12,Pending
382,2025-06-14,2025-06-14T19:54:56,Microsoft,Tools,1986.63,4,Credit Card,2025-06-14T21:15:56,Cancelled
383,2025-06-15,2025-06-15T07:08:40,eBay,Books,501.46,8,Credit Card,2025-06-15T07:13:40,Pending
384,2025-06-16,2025-06-16T10:15:40,Walmart,Tools,1210.43,2,Debit Card,2025-06-16T11:29:40,Pending
385,2025-06-17,2025-06-17T07:25:01,Target,Tools,1985.3,2,PayPal,2025-06-17T09:06:01,Pending
386,2025-06-18,2025-06-18T14:26:36,Microsoft,Software,190.16,8,PayPal,2025-06-18T16:20:36,Cancelled
387,2025-06-19,2025-06-19T00:25:27,Costco,Sports,777.26,10,Debit Card,2025-06-19T02:08:27,Pending
388,2025-06-20,2025-06-20T20:41:51,BestBuy,Tools,1884.45,4,PayPal,2025-06-20T22:05:51,Cancelled
389,2025-06-21,2025-06-21T18:45:10,Target,Groceries,354.48,8,PayPal,2025-06-21T18:57:10,Completed
390,2025-06-22,2025-06-22T21:26:51,Amazon,Home Goods,1959.05,7,Bank Transfer,2025-06-22T21:56:51,Refunded
391,2025-06-23,2025-06-23T23:39:56,Google,Books,425.77,5,Credit Card,2025-06-23T23:59:59,Cancelled
392,2025-06-24,2025-06-24T03:13:27,Amazon,Tools,96.87,5,PayPal,2025-06-24T03:16:27,Pending
393,2025-06-25,2025-06-25T06:22:32,Costco,Groceries,583.03,4,PayPal,2025-06-25T07:48:32,Cancelled
394,2025-06-26,2025-06-26T01:37:57,Amazon,Software,388.62,8,Credit Card,2025-06-26T02:35:57,Pending
395,2025-06-27,2025-06-27T18:50:47,Google,Apparel,1863.88,6,Credit Card,2025-06-27T20:00:47,Pending
396,2025-06-28,2025-06-28T01:52:49,Apple,Sports,1671.47,8,PayPal,2025-06-28T03:10:49,Completed
397,2025-06-29,2025-06-29T21:47:06,BestBuy,Electronics,1120.95,1,PayPal,2025-06-29T22:18:06,Refunded
398,2025-06-30,2025-06-30T01:58:49,Meta,Tools,726.49,3,PayPal,2025-06-30T03:34:49,Pending
399,2025-06-01,2025-06-01T21:54:23,Amazon,Groceries,995.24,8,Debit Card,2025-06-01T23:26:23,Pending
400,2025-06-02,2025-06-02T13:20:46,Meta,Electronics,704.02,8,PayPal,2025-06-02T13:21:46,Completed
401,2025-06-03,2025-06-03T15:46:25,Costco,Groceries,1774.16,1,Bank Transfer,2025-06-03T16:49:25,Cancelled
402,2025-06-04,2025-06-04T19:28:17,Google,Electronics,1747.82,5,Debit Card,2025-06-04T20:33:17,Cancelled
403,2025-06-05,2025-06-05T08:01:35,Walmart,Groceries,737.97,7,Bank Transfer,2025-06-05T09:27:35,Cancelled
404,2025-06-06,2025-06-06T13:47:54,BestBuy,Groceries,479.24,1,Bank Transfer,2025-06-06T14:46:54,Cancelled
405,2025-06-07,2025-06-07T19:56:11,BestBuy,Sports,159.44,6,Bank Transfer,2025-06-07T20:57:11,Completed
406,2025-06-08,2025-06-08T15:27:24,Target,Sports,283.63,4,PayPal,2025-06-08T16:18:24,Completed
407,2025-06-09,2025-06-09T02:50:32,Costco,Apparel,1601.92,8,PayPal,2025-06-09T03:49:32,Completed
408,2025-06-10,2025-06-10T00:40:03,Google,Apparel,41.03,3,Debit Card,2025-06-10T01:06:03,Pending
409,2025-06-11,2025-06-11T00:53:15,Amazon,Sports,983.47,9,PayPal,2025-06-11T02:47:15,Pending
410,2025-06-12,2025-06-12T20:35:00,Walmart,Tools,1973.62,5,Credit Card,2025-06-12T21:52:00,Completed
411,2025-06-13,2025-06-13T02:56:12,Meta,Tools,102.69,8,Bank Transfer,2025-06-13T04:24:12,Refunded
412,2025-06-14,2025-06-14T19:44:22,Apple,Tools,88.25,2,Credit Card,2025-06-14T21:15:22,Cancelled
413,2025-06-15,2025-06-15T18:55:33,Target,Tools,1749.57,10,Bank Transfer,2025-06-15T20:33:33,Refunded
414,2025-06-16,2025-06-16T07:11:33,BestBuy,Books,293.62,4,PayPal,2025-06-16T08:26:33,Pending
415,2025-06-17,2025-06-17T11:34:13,BestBuy,Sports,446.22,3,PayPal,2025-06-17T12:44:13,Completed
416,2025-06-18,2025-06-18T04:03:01,Target,Apparel,80.47,1,Bank Transfer,2025-06-18T04:42:01,Completed
417,2025-06-19,2025-06-19T08:36:03,Amazon,Home Goods,660.4,8,PayPal,2025-06-19T09:29:03,Completed
418,2025-06-20,2025-06-20T15:25:54,BestBuy,Books,988.2,6,Credit Card,2025-06-20T16:21:54,Completed
419,2025-06-21,2025-06-21T09:15:10,BestBuy,Apparel,874.42,1,PayPal,2025-06-21T10:25:10,Cancelled
420,2025-06-22,2025-06-22T08:34:17,eBay,Books,1806.63,4,Bank Transfer,2025-06-22T10:19:17,Cancelled
421,2025-06-23,2025-06-23T23:44:35,Microsoft,Apparel,1980.36,3,Debit Card,2025-06-23T23:59:59,Refunded
422,2025-06-24,2025-06-24T18:17:53,Costco,Software,1525.21,7,Credit Card,2025-06-24T19:17:53,Pending
423,2025-06-25,2025-06-25T10:05:59,Costco,Apparel,191.52,1,Credit Card,2025-06-25T10:40:59,Refunded
424,2025-06-26,2025-06-26T11:43:34,BestBuy,Electronics,70.04,4,Bank Transfer,2025-06-26T12:46:34,Refunded
425,2025-06-27,2025-06-27T06:38:51,Apple,Electronics,394.05,2,Credit Card,2025-06-27T07:47:51,Cancelled
426,2025-06-28,2025-06-28T08:08:38,Google,Electronics,488.98,6,PayPal,2025-06-28T09:08:38,Refunded
427,2025-06-29,2025-06-29T04:58:14,Microsoft,Groceries,1599.56,7,Bank Transfer,2025-06-29T06:58:14,Pending
428,2025-06-30,2025-06-30T03:30:04,BestBuy,Home Goods,822.69,4,PayPal,2025-06-30T04:04:04,Pending
429,2025-06-01,2025-06-01T00:10:08,Apple,Home Goods,1693.28,9,Bank Transfer,2025-06-01T01:24:08,Pending
430,2025-06-02,2025-06-02T21:47:59,eBay,Home Goods,599.06,2,PayPal,2025-06-02T22:07:59,Pending
431,2025-06-03,2025-06-03T10:54:35,Microsoft,Tools,929.34,8,Credit Card,2025-06-03T12:12:35,Completed
432,2025-06-04,2025-06-04T16:19:22,Amazon,Tools,472.26,8,Debit Card,2025-06-04T17:05:22,Pending
433,2025-06-05,2025-06-05T13:16:59,Google,Groceries,1775.12,7,Bank Transfer,2025-06-05T13:38:59,Pending
434,2025-06-06,2025-06-06T19:05:04,Meta,Apparel,1543.01,4,Debit Card,2025-06-06T19:12:04,Refunded
435,2025-06-07,2025-06-07T17:59:21,Walmart,Groceries,588.8,9,Bank Transfer,2025-06-07T18:10:21,Refunded
436,2025-06-08,2025-06-08T15:31:31,eBay,Home Goods,1396.19,4,Bank Transfer,2025-06-08T16:15:31,Completed
437,2025-06-09,2025-06-09T21:36:56,Walmart,Home Goods,1508.09,5,Bank Transfer,2025-06-09T22:03:56,Cancelled
438,2025-06-10,2025-06-10T15:06:02,BestBuy,Groceries,1705.13,3,Bank Transfer,2025-06-10T15:24:02,Refunded
439,2025-06-11,2025-06-11T17:56:07,Amazon,Electronics,35.94,2,Debit Card,2025-06-11T19:45:07,Cancelled
440,2025-06-12,2025-06-12T16:15:37,Meta,Electronics,241.76,4,Debit Card,2025-06-12T17:59:37,Pending
441,2025-06-13,2025-06-13T01:40:42,BestBuy,Tools,980.98,7,PayPal,2025-06-13T02:39:42,Refunded
442,2025-06-14,2025-06-14T17:09:26,Walmart,Groceries,596.53,2,Bank Transfer,2025-06-14T18:15:26,Cancelled
443,2025-06-15,2025-06-15T00:02:06,Target,Tools,303.07,7,Credit Card,2025-06-15T00:38:06,Cancelled
444,2025-06-16,2025-06-16T15:33:54,eBay,Books,462.75,9,Bank Transfer,2025-06-16T15:50:54,Pending
445,2025-06-17,2025-06-17T22:33:11,Walmart,Software,1883.8,7,Debit Card,2025-06-17T23:59:59,Pending
446,2025-06-18,2025-06-18T01:49:50,Walmart,Electronics,1107.43,10,Credit Card,2025-06-18T01:56:50,Cancelled
447,2025-06-19,2025-06-19T02:57:18,Meta,Sports,1072.67,10,Bank Transfer,2025-06-19T03:57:18,Pending
448,2025-06-20,2025-06-20T09:07:11,Apple,Apparel,20.86,8,Credit Card,2025-06-20T10:10:11,Pending
449,2025-06-21,2025-06-21T15:45:38,Amazon,Groceries,984.86,5,Debit Card,2025-06-21T16:54:38,Cancelled
450,2025-06-22,2025-06-22T17:32:12,Target,Software,494.03,1,Credit Card,2025-06-22T17:54:12,Refunded
451,2025-06-23,2025-06-23T22:54:02,eBay,Tools,1898.14,9,Credit Card,2025-06-23T23:57:02,Refunded
452,2025-06-24,2025-06-24T12:00:28,Apple,Apparel,984.25,9,Bank Transfer,2025-06-24T12:22:28,Cancelled
453,2025-06-25,2025-06-25T15:46:12,Costco,Groceries,1023.31,2,PayPal,2025-06-25T15:47:12,Cancelled
454,2025-06-26,2025-06-26T11:28:02,Costco,Tools,73.51,6,Debit Card,2025-06-26T12:31:02,Completed
455,2025-06-27,2025-06-27T19:38:25,Costco,Software,1401.04,7,Debit Card,2025-06-27T21:32:25,Completed
456,2025-06-28,2025-06-28T15:45:10,Amazon,Tools,990.1,5,Credit Card,2025-06-28T16:44:10,Pending
457,2025-06-29,2025-06-29T15:39:53,Amazon,Home Goods,1888.18,2,Bank Transfer,2025-06-29T16:28:53,Refunded
458,2025-06-30,2025-06-30T15:51:32,BestBuy,Electronics,1467.76,3,Bank Transfer,2025-06-30T16:57:32,Pending
